id,name
msp_0001,Blastocystis sp. subtype 3
msp_0002,Blastocystis sp. subtype 1
msp_0003,Bacteroides cellulosilyticus
msp_0004,Blastocystis sp. subtype 2
msp_0005,Escherichia coli
msp_0006,Blastocystis sp. subtype 4
msp_0007,Bacteroides ovatus
msp_0008,Bacteroides intestinalis
msp_0009,[Clostridium] bolteae
msp_0010,Bacteroides fragilis 1
msp_0011,Bacteroides thetaiotaomicron
msp_0012,Parabacteroides distasonis
msp_0013,Ruminococcus bicirculans
msp_0014,Eisenbergiella tayi
msp_0015,Roseburia faecis
msp_0016,Bacteroides plebeius
msp_0017,Roseburia intestinalis
msp_0018,Eisenbergiella massiliensis
msp_0019,Bacteroides faecis
msp_0020,[Clostridium] clostridioforme 1
msp_0021,Bacteroides xylanisolvens
msp_0022,Bacteroides finegoldii
msp_0023,Bacteroides caccae
msp_0024,Hungatella effluvii
msp_0025,Akkermansia muciniphila
msp_0026,Paraprevotella clara
msp_0027,Parabacteroides merdae
msp_0028,Parabacteroides goldsteinii
msp_0029,[Eubacterium] eligens
msp_0030,Klebsiella pneumoniae
msp_0031,Bacteroides stercoris
msp_0032,Alistipes onderdonkii
msp_0033,Bacteroides fragilis 2
msp_0034,[Faecalibacterium] sp. CAG:74
msp_0035,Bacteroides dorei
msp_0036,Bacteroides eggerthii
msp_0037,Bacteroides salyersiae
msp_0038,unclassified Lentisphaeria
msp_0039,Lachnospiraceae bacterium hRUG904 / Clostridiales bacterium RUG495 / [Clostridium] sp. CAG:127
msp_0040,Bacteroides massiliensis
msp_0041,Prevotella copri 1
msp_0042,Coprococcus eutactus 2
msp_0043,Bacteroides coprocola
msp_0044,Hungatella hathewayi 1
msp_0045,Ruminococcus bromii 2
msp_0046,Bacteroides uniformis
msp_0047,[Eubacterium] sp. CAG:115
msp_0048,[Eubacterium] sp. CAG:38
msp_0049,unclassified Lachnoclostridium
msp_0050,Anaerobutyricum hallii
msp_0051,unclassified Muribaculaceae
msp_0052,Blautia sp. CAG:257
msp_0053,[Eubacterium] siraeum
msp_0054,Bacteroides nordii
msp_0055,Firmicutes bacterium CAG:65 / [Clostridium] sp. 2789STDY5608883
msp_0056,unclassified Lachnoclostridium
msp_0057,Roseburia sp. CAG:45 & sp. 2789STDY5608886
msp_0058,[Ruminococcus] gnavus
msp_0059,Barnesiella intestinihominis
msp_0060,Lachnospiraceae bacterium CIM:MAG 844 / Firmicutes bacterium CAG:95
msp_0061,Bacteroides congonensis
msp_0062,Odoribacter splanchnicus
msp_0063,Bacteroides clarus
msp_0064,unclassified Bacteroidales [Alistipes] sp. CAG:435
msp_0065,[Ruminococcus] sp. CAG:17 / Blautia sp. 2789STDY5608880
msp_0066,[Clostridium] sp. AT4
msp_0067,Prevotella sp. 109 & CAG:255
msp_0068,[Eubacterium] rectale
msp_0069,Bacteroides vulgatus
msp_0070,Akkermansia muciniphila 2
msp_0071,Roseburia hominis
msp_0072,Roseburia inulinivorans
msp_0073,Victivallales bacterium CCUG 44730
msp_0074,Roseburia sp. CAG:100 / Lachnospiraceae bacterium CIM:MAG 54
msp_0075,Lachnospiraceae bacterium GAM79 / [Clostridium] sp. CAG:91 & sp. 2789STDY5834873
msp_0076,Blautia wexlerae
msp_0077,unclassified Lachnospiraceae
msp_0078,Prevotella sp. CAG:732
msp_0079,[Clostridium] sp. CAG:7
msp_0080,Prevotellamassilia timonensis
msp_0081,unclassified Prevotella
msp_0082c,Providencia rettgeri 2
msp_0083,Parabacteroides johnsonii
msp_0084,Prevotella sp. RUG457 & sp. RUG782 & sp. CAG:386
msp_0085,unclassified Eisenbergiella
msp_0086,[Clostridium] symbiosum
msp_0087,Lachnospira pectinoschiza
msp_0088,Butyricimonas sp. Marseille-P3923
msp_0089,Alistipes finegoldii
msp_0090,Alistipes putredinis
msp_0091,Prevotella sp. CAG:604
msp_0092,Sutterella wadsworthensis 1
msp_0093,[Clostridium] sp. CAG:62
msp_0094,unclassified Roseburia
msp_0095,unclassified Ruminococcaceae
msp_0096,Bacteroides sp. CAG:443
msp_0097,Paraprevotella xylaniphila
msp_0098,Parabacteroides gordonii
msp_0099,Lentisphaeria bacterium UBA1829
msp_0100,Morganella morganii
msp_0101,Bacteroides sp. CAG:875 & sp. 2789STDY5834845
msp_0102,unclassified Bacteroides
msp_0103,[Clostridium] innocuum
msp_0104,Emergencia timonensis
msp_0105,Ruminococcus sp. CAG:177
msp_0106,Clostridiales bacterium UBA7273 / Firmicutes bacterium CAG:240
msp_0107,Anaerostipes hadrus 1
msp_0108,Enterobacter hormaechei
msp_0109,[Clostridium] scindens 2
msp_0110,Bilophila wadsworthia
msp_0111,Faecalimonas umbilicata
msp_0112,Blautia hydrogenotrophica
msp_0113,Blautia producta 2
msp_0114,Bacteroides coprophilus
msp_0115c,Lachnoclostridium phytofermentans 2
msp_0116,unclassified Lentisphaeria
msp_0117,Butyricimonas sp. Marseille-P4593
msp_0118,unclassified Bacteroides
msp_0119,unclassified Acidaminococcaceae
msp_0120,unclassified Victivallales
msp_0121,Oscillibacter sp. CAG:241_62_21
msp_0122,unclassified Bacteroides
msp_0123,Prevotella sp. CAG:520
msp_0124,Candidatus Cibiobacter qucibialis
msp_0125,Firmicutes bacterium CAG:24 / [Clostridium] sp. 2789STDY5834869 & 2789STDY5834922
msp_0126,[Ruminococcus] torques
msp_0127,Ruminococcus sp. CAG:353 & sp. 2789STDY5834938
msp_0128,Butyricimonas virosa
msp_0129,[Clostridium] sp. CAG:58
msp_0130,Candidatus Gastranaerophilales bacterium x14
msp_0131,Phascolarctobacterium faecium
msp_0132,Coprobacillus cateniformis
msp_0133,Coprococcus sp. 2789STDY5608819 / [Clostridium] sp. CAG:264
msp_0134,Megamonas funiformis == rupellensis
msp_0135,[Clostridium] clostridioforme 2
msp_0136,Prevotella sp. P4-51 & PA-67 & P5-64 & P5-108 & CAG:474
msp_0137,unclassified Prevotella
msp_0138,Bifidobacterium pseudocatenulatum
msp_0139,Coprobacter fastidiosus
msp_0140,Klebsiella oxytoca
msp_0141,Blautia massiliensis
msp_0142,Blautia sp. CAG:52 & SG-772 & sp. 2789STDY5834917
msp_0143,Parabacteroides sp. CAG:409
msp_0144,[Clostridium] sp. CAG:138
msp_0145,Parasutterella excrementihominis
msp_0146c,Streptococcus sanguinis
msp_0147,unclassified Ruminococcaceae
msp_0148c,Veillonella infantium
msp_0149,unclassified Bacteroides
msp_0150c,[Clostridium] methylpentosum
msp_0151,Butyricimonas synergistica 2
msp_0152,[Ruminococcus] faecis
msp_0153,Erysipelatoclostridium ramosum
msp_0154,Fusicatenibacter saccharivorans
msp_0155,Parabacteroides sp. 426-9
msp_0156,unclassified Parabacteroides
msp_0157,Klebsiella aerogenes
msp_0158,[Eubacterium] sp. CAG:252
msp_0159,Victivallis vadensis
msp_0160,[Faecalitalea] sp. UBA637
msp_0161,[Eubacterium] sp. CAG:248
msp_0162,unclassified Blautia
msp_0163,Firmicutes bacterium CAG:227
msp_0164,[Ruminococcus] sp. 2789STDY5608794 & sp. 2789STDY5834890 / Firmicutes bacterium CAG:56
msp_0165,unclassified Lachnospiraceae
msp_0166,Bifidobacterium longum
msp_0167c,Plesiomonas shigelloides
msp_0168,Firmicutes bacterium CAG:194
msp_0169,Roseburia sp. CAG:197
msp_0170,Azospirillum sp. CAG:239
msp_0171,Blautia hansenii
msp_0172,Ruthenibacterium lactatiformans
msp_0173,Christensenellaceae bacterium Phil1 & [Clostridium] sp. CAG:226
msp_0174,Klebsiella quasipneumoniae
msp_0175,Lachnospiraceae bacterium TF01-11 / [Clostridium] sp. CAG:122
msp_0176,Prevotella sp. P4-65 & P4-76 & P5-60 & P5-119 & P5-125 & CAG:592
msp_0177,unclassified Lachnoclostridium
msp_0178,Ruminococcus sp. A254.MGS-254 & CAG:254
msp_0179,Coprococcus eutactus 1
msp_0180,Blautia coccoides == Blautia producta
msp_0181,unclassified Marvinbryantia
msp_0182,Firmicutes bacterium CAG:424
msp_0183,[Acetobacter] sp. 46_36 & CAG:267 / Alphaproteobacteria bacterium UBA7083
msp_0184,Culturomica massiliensis
msp_0185,unclassified Lachnospiraceae
msp_0186,[Clostridium] sp. CAG:299
msp_0187,Bacteroides togonis
msp_0188,Erysipelatoclostridium sp1
msp_0189,Blautia sp. CAG:237
msp_0190,Bacteroides sp. CAG:530
msp_0191,unclassified Butyricimonas
msp_0192,unclassified Oscillospiraceae
msp_0193,[Clostridium] scindens 1
msp_0194,[Clostridium] sp. 42_12 & CAG:75
msp_0195,Desulfovibrio piger
msp_0196,Alistipes shahii
msp_0197,Megasphaera sp. BL7 & NM10
msp_0198,Coprobacter secundus == Gabonia massiliensis
msp_0199,Muribaculaceae bacterium sp6
msp_0200,Anaerostipes caccae
msp_0201,Akkermansia sp. KLE1605
msp_0202,[Acinetobacter] sp. N54.MGS-139 / Proteobacteria bacterium CAG:139
msp_0203,Negativibacillus massiliensis
msp_0204,Clostridia bacterium UC5.1-1D10 / [Clostridium] sp. CAG:505 / Firmicutes bacterium CAG:466
msp_0205,Firmicutes bacterium CAG:124
msp_0206,Butyrivibrio crossotus
msp_0207,[Roseburia] sp. CAG:380
msp_0208,[Ruminococcus] sp. Marseille-P328 & Blautia sp. 2789STDY5608844 & sp. 2789STDY5608844
msp_0209,Enterobacter roggenkampii
msp_0210,unclassified Ruminococcus
msp_0211,Mediterranea massiliensis
msp_0212,Dialister invisus
msp_0213,Flavonifractor plautii
msp_0214,Alistipes sp. CAG:268
msp_0215,Dialister sp. Marseille-P5638 & CAG:357
msp_0216,Odoribacter laneus
msp_0217,Bacteroides ndongoniae
msp_0218,unclassified Christensenellaceae-Catabacteriaceae
msp_0219,unclassified Bacteroides
msp_0220,Azospirillum sp. 51_20
msp_0221,Acidaminococcus intestini
msp_0222,[Clostridium] sp. CAG:354_28_25
msp_0223,[Clostridium] sp. L2-50
msp_0224,Prevotella copri 2
msp_0225,Alistipes obesi
msp_0226,Desulfovibrionaceae bacterium CIM:MAG 900
msp_0227,[Eubacterium] sp. 36_13 & CAG:86 & RUG185
msp_0228,Proteus mirabilis
msp_0229,Prevotella sp. 885
msp_0230,Alistipes inops == Tidjanibacter massiliensis
msp_0231,unclassified_Erysipelotrichaceae
msp_0232,Dorea sp. CAG:317
msp_0233,unclassified Lachnoclostridium
msp_0234,Catabacter sp. UBA1685 / Clostridia bacterium CIM:MAG 110_1
msp_0235,unclassified Bacteroides
msp_0236,[Eubacterium] ventriosum
msp_0237,Roseburia sp. CAG:182
msp_0238,unclassified Lachnospiraceae
msp_0239,Sutterellaceae bacterium 4NBBH2
msp_0240,unclassified Oscillospiraceae
msp_0241,Klebsiella variicola
msp_0242,Anaerotignum lactatifermentans
msp_0243,[Clostridium] sp. CAG:253
msp_0244,[Ruminococcus] sp. CAG:60 / Blautia sp. 2789STDY5608836
msp_0245,Megasphaera massiliensis
msp_0246,Tyzzerella nexilis
msp_0247,[Clostridium] sp. 44_14 & CAG:277
msp_0248,unclassified Lentisphaeria
msp_0249,unclassified Ruminococcaceae
msp_0250,[Ruminococcus] lactaris
msp_0251,unclassified Prevotella
msp_0252,unclassified Ruminiclostridium
msp_0253,unclassified Bilophila
msp_0254,unclassified Lachnoclostridium
msp_0255,unclassified Victivallales
msp_0256,Bacteroides sp. CAG:462 & sp. Marseille-P3684
msp_0257,unclassified Prevotella
msp_0258,Firmicutes bacterium CAG:102
msp_0259,Coprococcus comes
msp_0260,Prevotella lascolaii
msp_0261,[Bacteroides] sp. CAG:770
msp_0262,Ruminococcus callidus
msp_0263,Bifidobacterium adolescentis
msp_0264,Parabacteroides sp. SN4
msp_0265,Faecalibacterium prausnitzii 7
msp_0266,Fusobacterium ulcerans
msp_0267,unclassified Bacteroides
msp_0268,Blautia sp. N6H1-15
msp_0269,unclassified Clostridiales 5
msp_0270,unclassified Clostridiales 5
msp_0271,[Eubacterium] sp. CAG:180
msp_0272,unclassified Blautia
msp_0273,[Clostridium] sp. CAG:510
msp_0274,Sellimonas intestinalis == Drancourtella massiliensis
msp_0275,Prevotella stercorea
msp_0276,Flavonifractor sp. An10
msp_0277,[Eubacterium] sp. CAG:251 / [Clostridium] sp. A254.MGS-251
msp_0278,Erysipelotrichaceae bacterium 3_1_53
msp_0279,Cloacibacillus porcorum
msp_0280,Sutterella wadsworthensis 2
msp_0281,Catenibacterium sp. CAG:290
msp_0282,Ruminococcus sp. CAG:330
msp_0285,[Clostridium] sp. CAG:217 / Clostridiales bacterium CIM:MAG 317_1
msp_0286,Ruminococcus sp. 37_24 & sp. 2789STDY5834934
msp_0287,Alistipes ihumii
msp_0288,unclassified Sutterellaceae
msp_0289,Fusobacterium varium
msp_0290,Anaeromassilibacillus sp. Marseille-P3876
msp_0291,unclassified Ruminococcaceae
msp_0292,unclassified Lachnospiraceae
msp_0293,unclassified Bacteroides
msp_0294,Butyrivibrio sp. CAG:318
msp_0295,Desulfovibrio fairfieldensis
msp_0296,unclassified Roseburia
msp_0297,Anaerotruncus sp. AT3
msp_0298,unclassified Christensenellaceae-Catabacteriaceae
msp_0299,[Eubacterium] ramulus
msp_0300,unclassified Prevotellaceae
msp_0301,Faecalibacterium prausnitzii 1
msp_0302,unclassified Clostridiales 2
msp_0303,unclassified Clostridiales 5
msp_0304,unclassified Bacteroidales [Alistipes] sp. CAG:514
msp_0305,Roseburia sp. CAG:303
msp_0306,Firmicutes bacterium CAG:176
msp_0307,Dorea longicatena 1
msp_0308,[Clostridium] saccharolyticum 2
msp_0309,unclassified Blautia
msp_0310,Barnesiella sp. An22
msp_0311,unclassified Clostridiales 5
msp_0312,Firmicutes bacterium CAG:110
msp_0313,Veillonella parvula
msp_0314,unclassified Christensenellaceae-Catabacteriaceae
msp_0315,Firmicutes bacterium CAG:145
msp_0316,unclassified Parabacteroides
msp_0317,unclassified Clostridiales 5
msp_0318,Alistipes indistinctus
msp_0319,unclassified Clostridiales 5
msp_0320,unclassified Prevotella
msp_0321,[Clostridium] sp. CAG:411
msp_0322,unclassified Ruminococcus
msp_0323,unclassified Clostridiales
msp_0324,Alistipes sp. cv1
msp_0325,Ruminococcus sp. UNK.MGS-30
msp_0326,unclassified Alistipes
msp_0327,[Bacteroides] sp. CAG:545
msp_0328,[Brachyspira] sp. CAG:484
msp_0329,Clostridium butyricum
msp_0330,Firmicutes bacterium CAG:534
msp_0331,Oscillibacter sp. KLE 1728 & KLE 1745 & sp. PEA192 / Oscillospiraceae VE202-24
msp_0332,unclassified Lachnospiraceae
msp_0333,Lactobacillus ruminis
msp_0334,Erysipelotrichaceae bacterium 5_2_54FAA / [Eubacterium] sp. 3_1_31
msp_0335,unclassified Alistipes
msp_0336,Bacteroides fluxus
msp_0337,[Eubacterium] sp. 38_16 & CAG:146
msp_0338,Fusobacterium mortiferum
msp_0339,unclassified Prevotella
msp_0340,[Clostridium] leptum
msp_0341,Klebsiella michiganensis 2
msp_0342,Flavonifractor sp. 2789STDY5834931 / Clostridiales bacterium CCNA10
msp_0343,[Clostridium] sp. CAG:413
msp_0344,[Anaerotruncus] sp. CAG:390
msp_0345,Faecalibacterium prausnitzii 8
msp_0346,Lachnoclostridium sp. SNUG30386 / [Clostridium] sp. CAG:43
msp_0347,Clostridium paraputrificum
msp_0348,unclassified Catabacter
msp_0349,Bacteroides sp. An19 & An51A & An269 & An279 & CAG:702
msp_0350,Fournierella massiliensis
msp_0351,unclassified Bacteroides
msp_0352,Oscillibacter sp. CAG:241 & CIM:MAG 164_1
msp_0353,Clostridiales bacterium CIM:MAG 424
msp_0354,unclassified Christensenellaceae-Catabacteriaceae
msp_0355,unclassified Bacteroides
msp_0356,unclassified Clostridiales 5
msp_0357,[Clostridium] sp. CAG:169
msp_0358,unclassified Anaerobutyricum
msp_0359,Mitsuokella jalaludinii
msp_0360,[Clostridium] asparagiforme == lavalense
msp_0361,Firmicutes bacterium CAG:170
msp_0362,Clostridium saudiense
msp_0363,Bacteroides cutis
msp_0364,Intestinimonas butyriciproducens
msp_0365,unclassified Lachnospiraceae
msp_0366,unclassified Caecibacter
msp_0367,Ruminococcus champanellensis
msp_0368c,Aeromonas veronii
msp_0369,uncultured Desulfovibrio sp. RUG514
msp_0370,Anaeromassilibacillus sp. Marseille-P3371 / Clostridia bacterium UC5.1-1E11
msp_0371,unclassified Roseburia
msp_0372,unclassified Clostridiales 2
msp_0373,[Clostridium] sp. 2789STDY5608884
msp_0374,Gemmiger formicilis
msp_0375,Azospirillum sp. 47_25 & CAG:260
msp_0376,[Bacteroides] pectinophilus
msp_0377,Bacteroides barnesiae
msp_0378,[Eubacterium] sp. CAG:156
msp_0379,Merdimonas faecis
msp_0380,Streptococcus salivarius
msp_0381,Alistipes senegalensis
msp_0382,unclassified Lachnospiraceae
msp_0383,Dialister succinatiphilus
msp_0384,unclassified Clostridiales 5
msp_0385,[Ruminococcaceae] bacterium D16 / Clostridiales bacterium Choco116
msp_0386,unclassified Sutterellaceae
msp_0387,Firmicutes bacterium CAG:882
msp_0388,Faecalibacterium prausnitzii 3
msp_0389,Faecalibacterium prausnitzii 4
msp_0390,Bacteroides sp. CAG:1076
msp_0391,Oscillibacter sp. CAG:155
msp_0392,Firmicutes bacterium CAG:238
msp_0393,unclassified Ruminococcaceae
msp_0394,unclassified Parabacteroides
msp_0395,Brachyspira sp. CAG:700
msp_0396,Adlercreutzia equolifaciens
msp_0397,unclassified Lachnospiraceae
msp_0398,Clostridia bacterium CIM:MAG 635
msp_0399,Faecalibacterium prausnitzii 5
msp_0400,unclassified Ruminococcaceae
msp_0401,unclassified Clostridiales 1
msp_0402,unclassified Lachnoclostridium
msp_0403,Enterococcus faecium
msp_0404,unclassified Clostridiales 5
msp_0405,Ruminococcus sp. CAG:403
msp_0406,unclassified Veillonellaceae
msp_0407,unclassified Gemmiger
msp_0408,Lactobacillus mucosae
msp_0409,Pyramidobacter piscolens
msp_0410,Clostridiales bacterium CIM:MAG 131
msp_0411,unclassified Akkermansia
msp_0412,[Bacteroides] sp. CAG:144
msp_0413,unclassified Phascolarctobacterium
msp_0414,Duodenibacillus massiliensis
msp_0415,Coprobacter sp. CIM:MAG 570
msp_0416,[Bacteroides] sp. CAG:709
msp_0417,unclassified Alistipes
msp_0418,unclassified Gemmiger
msp_0419,Bifidobacterium bifidum
msp_0420,unclassified Ruminococcus
msp_0421,unclassified Clostridiales 2
msp_0422,Romboutsia timonensis
msp_0423,unclassified Oscillibacter
msp_0424,unclassified Christensenellaceae-Catabacteriaceae
msp_0425,unclassified Clostridiales 6
msp_0426,Dialister sp. CAG:486
msp_0427,[Eubacterium] sp. CAG:786
msp_0428,Bacteroidales bacterium H5
msp_0429,Alistipes timonensis
msp_0430,unclassified Clostridiales 1
msp_0431,[Eubacterium] sp. CAG:274
msp_0432,unclassified Clostridiales 1
msp_0433,unclassified Lachnospiraceae
msp_0434,unclassified Ruminococcus
msp_0435,unclassified Oscillibacter
msp_0436,Blautia obeum
msp_0437c,Actinomyces oris
msp_0438,Bacteroides sp. UBA7116 & UBA7052
msp_0439,unclassified Alistipes
msp_0440,unclassified Roseburia
msp_0441,unclassified Roseburia
msp_0442,unclassified Flavonifractor
msp_0443,unclassified Parabacteroides
msp_0444,unclassified Ruminococcaceae
msp_0445,unclassified Ruminococcus
msp_0446c,Oribacterium sinus
msp_0447,Firmicutes bacterium CAG:272
msp_0448,unclassified Lachnospiraceae
msp_0449,unclassified Clostridiales 1
msp_0450,Clostridiales bacterium UBA4224
msp_0451,unclassified Ruminococcus
msp_0452,unclassified Clostridiales 5
msp_0453,unclassified Clostridiales 5
msp_0454,unclassified Clostridium
msp_0455,Candidatus Gastranaerophilales sp1
msp_0456,unclassified Gemmiger
msp_0457,Faecalibacterium prausnitzii 9
msp_0458,Catenibacterium mitsuokai
msp_0459,unclassified Roseburia
msp_0460,unclassified Bacteroides
msp_0461,Clostridiales bacterium CIM:MAG 701
msp_0462,unclassified Ruminococcaceae
msp_0463,[Clostridium] sp. CAG:167
msp_0464,[Eubacterium] ramulus 2
msp_0465,unclassified Opitutae
msp_0466,unclassified Sutterella
msp_0467,Firmicutes bacterium CAG:94
msp_0468,Firmicutes bacterium CAG:41 / [Clostridium] sp. 2789STDY5834935 & sp. 2789STDY5608853
msp_0469c,Bifidobacterium scardovii
msp_0470,unclassified Prevotellaceae
msp_0471,unclassified Clostridiales 6
msp_0472,unclassified Clostridiales Family XIII. Incertae Sedis
msp_0473c,[Clostridium] sp. 2789STDY5834874 & sp. 2789STDY5608885
msp_0474,Dakarella massiliensis
msp_0475,Prevotella sp. CAG:891
msp_0476,Muribaculaceae bacterium sp5
msp_0477,Firmicutes bacterium CAG:83
msp_0478,[Clostridium] phoceensis
msp_0479,[Eubacterium] sp. Marseille-P5640
msp_0480,unclassified Lachnospiraceae
msp_0481,Ruminococcus sp. CAG:579
msp_0482,Mitsuokella multacida
msp_0483,Veillonella sp. CAG:933
msp_0484,unclassified Faecalibacterium
msp_0485,unclassified Bacteroides
msp_0486,Lactococcus lactis subsp. lactis
msp_0487,unclassified Clostridiales 5
msp_0488,Acidaminococcus massiliensis
msp_0489,unclassified Blautia
msp_0490,unclassified Ruminococcaceae
msp_0491,unclassified Clostridiales 4
msp_0492,unclassified Clostridiales 6
msp_0493,[Eubacterium] sp. CAG:603 & sp.  2789STDY5608818
msp_0494,unclassified Christensenellaceae-Catabacteriaceae
msp_0495,unclassified Prevotellaceae
msp_0496,unclassified Lachnospiraceae
msp_0497,Enterococcus faecalis
msp_0498,Ruminococcus sp. CAG:488
msp_0499,[Clostridium] sp. CAG:590
msp_0500,unclassified_Erysipelotrichaceae
msp_0501,Megasphaera elsdenii
msp_0502,unclassified Bacteroides
msp_0503,Coraliomargarita sp. CAG:312
msp_0504,unclassified Clostridiales 4
msp_0505,unclassified Oscillibacter
msp_0506,Dorea formicigenerans
msp_0507,unclassified Lachnospiraceae
msp_0508,unclassified Bacteroidales
msp_0509,Evtepia gabavorus
msp_0510,[Clostridium] glycyrrhizinilyticum
msp_0511,unclassified Muribaculaceae
msp_0512,[Firmicutes] bacterium CAG:321
msp_0513,unclassified Clostridiales 5
msp_0514,unclassified Lachnospiraceae
msp_0515,unclassified Clostridium
msp_0516,unclassified Victivallales
msp_0517,Bacteroidales bacterium H10
msp_0518,unclassified Coriobacteriia
msp_0519,Prevotella sp. CAG:924
msp_0520c,Bacteroides gallinarum
msp_0521,[Ruminococcaceae] bacterium CIM:MAG 1403
msp_0522,Anaerotruncus colihominis
msp_0523,unclassified Alistipes
msp_0524,Mordavella sp. Marseille-P3756
msp_0525,unclassified Muribaculaceae
msp_0526,unclassified Clostridiales 4
msp_0527,[Clostridium] sp. CAG:307
msp_0528,unclassified Parabacteroides
msp_0529,[Eubacterium] sp. CAG:581
msp_0530,Dorea longicatena 2
msp_0531,unclassified Muribaculaceae
msp_0532,unclassified Opitutae
msp_0533,unclassified Roseburia
msp_0534,Firmicutes bacterium CAG:176_63_11
msp_0535,Prevotellaceae bacterium CIM:MAG 724
msp_0536,unclassified Clostridiales 5
msp_0537,Alistipes sp. An31A & Marseille-P5061 & UBA1813
msp_0538,Phascolarctobacterium succinatutens
msp_0539,unclassified Roseburia
msp_0540,[Clostridium] sp. CAG:448
msp_0541,unclassified Clostridiales 5
msp_0542,[Clostridiaceae] bacterium CIM:MAG 755 / [Clostridium] sp. CAG:230
msp_0543c,Alistipes sp. CHKCI003
msp_0544c,Escherichia fergusonii
msp_0545,Pseudoflavonifractor sp. An184
msp_0546,[Clostridium] sp. CAG:245 & CIM:MAG 941
msp_0547,unclassified Prevotellaceae
msp_0548,unclassified Lachnospiraceae
msp_0549,unclassified Prevotella
msp_0550,unclassified Lachnospiraceae
msp_0551,[Eubacterium] sp. CAG:192
msp_0552,unclassified Oscillospiraceae
msp_0553,unclassified Christensenellaceae-Catabacteriaceae
msp_0554,Anaerostipes hadrus 2
msp_0555,[Subdoligranulum] sp. CAG:314 & CIM:MAG 76
msp_0556,unclassified Clostridiales 4
msp_0557,unclassified Akkermansiaceae
msp_0558,unclassified Blautia
msp_0559,unclassified Lachnoclostridium
msp_0560,unclassified Christensenellaceae-Catabacteriaceae
msp_0561,unclassified Lachnospiraceae
msp_0562,Enorma massiliensis
msp_0563,unclassified Lachnospiraceae
msp_0564,[Fusobacterium] sp. CAG:439
msp_0565,unclassified Ruminococcaceae
msp_0566,unclassified Clostridiales 5
msp_0567,Firmicutes bacterium CAG:475
msp_0568,Prevotella sp. CAG:1124
msp_0569,Anaerotruncus sp. CAG:528
msp_0570,Bifidobacterium dentium
msp_0571,unclassified Ruminococcaceae
msp_0572,Lachnospira sp. 2789STDY5834967 / Clostridiales bacterium KLE1615 & 41_12_two_minus
msp_0573,Eggerthella lenta
msp_0574c,Fusobacterium necrophorum
msp_0575,[Eubacteriaceae] bacterium CHKCI004 & [Eubacterium] sp. An3
msp_0576,unclassified Roseburia
msp_0577,[Clostridium] sp. CAG:1013
msp_0578,[Clostridium] sp. CAG:269
msp_0579,unclassified Lachnospiraceae
msp_0580,unclassified Fusobacterium
msp_0581,Firmicutes bacterium CAG:212 / [Clostridium] sp. 2789STDY5834871
msp_0582,[Clostridium] sp. CAG:632
msp_0583,unclassified Fournierella
msp_0584,Eggerthella sp. CAG:298
msp_0585,Methanobrevibacter smithii 1
msp_0586,[Clostridium] sp. CAG:343
msp_0587,unclassified Fusobacterium
msp_0588,unclassified Ruminococcaceae
msp_0589c,unclassified Clostridiales 3
msp_0590,unclassified Parabacteroides
msp_0591,unclassified Lachnoclostridium
msp_0592,unclassified Christensenellaceae-Catabacteriaceae
msp_0593,Bacteroidales bacterium CIM:MAG 858
msp_0594,Phascolarctobacterium sp. CAG:266
msp_0595,Cryptobacterium sp. CAG:338
msp_0596,Clostridiales bacterium UBA4696
msp_0597,unclassified Clostridiales 5
msp_0598,Prevotella sp. CAG:1092
msp_0599,unclassified Prevotella
msp_0600c,Weissella cibaria
msp_0601c,Anaerofustis stercorihominis
msp_0602c,Streptococcus infantis 2
msp_0603c,Selenomonas artemidis
msp_0604,Dorea sp. CAG:105
msp_0605,unclassified Oscillospiraceae
msp_0606,unclassified Ruminococcus
msp_0607,unclassified Prevotellaceae
msp_0608,Muribaculaceae bacterium sp7
msp_0609,unclassified Bacteroides
msp_0610,Fusobacterium nucleatum subsp. animalis
msp_0611,Bacteroidales bacterium H2 / [Prevotella] sp. CAG:251
msp_0612,unclassified Oscillospiraceae
msp_0613,unclassified Catabacter
msp_0614,unclassified Muribaculaceae
msp_0615,unclassified Oscillospiraceae
msp_0616,Prevotella buccae
msp_0617,unclassified Sutterellaceae
msp_0618,Turicimonas muris
msp_0619,unclassified Ruminococcaceae
msp_0620,unclassified Candidatus Gastranaerophilales
msp_0621,Intestinibacter bartlettii
msp_0622,unclassified Christensenellaceae-Catabacteriaceae
msp_0623,Erysipelatoclostridium sp2
msp_0624,unclassified Ruminococcaceae
msp_0625,Firmicutes bacterium CAG:646
msp_0626,Citrobacter portucalensis
msp_0627,Bifidobacterium breve
msp_0628,Muribaculaceae bacterium sp1
msp_0629,unclassified Clostridiales 3
msp_0630,[Eubacterium] sp. CAG:161
msp_0631,unclassified Clostridiales 5
msp_0632,unclassified Ruminococcaceae
msp_0633,Klebsiella michiganensis 1
msp_0634,unclassified Flavonifractor
msp_0635,Flavobacteriales bacterium CIM:MAG 32_1
msp_0636,Alistipes [Bacteroidales] bacterium 55_9
msp_0637,Alistipes sp. Marseille-P2431
msp_0638,Enteroscipio rubneri
msp_0639,Faecalibacterium prausnitzii 6
msp_0640,unclassified Oscillibacter
msp_0641,unclassified Ruminococcaceae
msp_0642,Proteobacteria bacterium CAG:495
msp_0643,unclassified Clostridiales 5
msp_0644,unclassified Clostridiales 3
msp_0645,[Clostridium] sp. CAG:452
msp_0646,[Bacteroides] sp. 43_108
msp_0647,Clostridia bacterium UC5.1-2E3
msp_0648,Holdemanella biformis
msp_0649,Acidaminococcus sp. Marseille-P4266
msp_0650,unclassified Agathobaculum
msp_0651,Prevotella sp. Marseille-P4119
msp_0652,unclassified Clostridiales 4
msp_0653,Muribaculaceae bacterium sp2
msp_0654,Firmicutes bacterium CAG:103
msp_0655,[Ruminococcus] sp. 2789STDY5608817 / [Eubacterium] sp. 2789STDY5834872
msp_0656,Succinatimonas sp. UBA2849 & sp. CAG:777
msp_0657,Clostridiales bacterium CIM:MAG 272
msp_0658,unclassified Bacteroides
msp_0659,Caecibacter massiliensis == Megasphaera hexanoica
msp_0660,unclassified Candidatus Gastranaerophilales
msp_0662,bacterium OL-1
msp_0663,unclassified Clostridiales 4
msp_0664,unclassified Ruminococcaceae
msp_0665,Clostridiales Family XIII bacterium CIM:MAG 1057
msp_0666,unclassified Coriobacteriia
msp_0667,unclassified Prevotellaceae
msp_0668,Coprococcus sp. CAG:782
msp_0669,unclassified Ruminococcaceae
msp_0670,unclassified Oscillibacter
msp_0671,Turicibacter sanguinis 1
msp_0672,unclassified Opitutae
msp_0673,unclassified Clostridiales 4
msp_0674,[Eubacterium] sp. 2789STDY5834909
msp_0675,Sutterella sp. CAG:521
msp_0676,unclassified Clostridiales 4
msp_0677c,Slackia exigua
msp_0678,unclassified Ruminococcaceae
msp_0679,unclassified Clostridiales 4
msp_0680c,Muribaculaceae bacterium sp8
msp_0681,Prevotella sp. CAG:617
msp_0682,uncultured Clostridiales bacterium RUG798
msp_0683,unclassified Clostridiales 3
msp_0684,unclassified Muribaculaceae
msp_0685,unclassified Clostridiales 2
msp_0686,[Ruminococcus] sp. CAG:382
msp_0687,Prevotella sp. UBA630
msp_0688,unclassified Lachnospiraceae
msp_0689,Clostridiales bacterium UBA1701 / Clostridia bacterium CIM:MAG 26
msp_0690,unclassified Faecalibacterium
msp_0691,Lactobacillus amylovorus
msp_0692,[Ruminococcaceae] bacterium CIM:MAG 1028_2
msp_0693,unclassified Lachnoclostridium
msp_0694,unclassified Parabacteroides
msp_0695,unclassified Rhodospirillales
msp_0696,Acidaminococcus fermentans
msp_0697,Clostridium sp. CAG:221
msp_0698,Faecalitalea cylindroides
msp_0699,unclassified Clostridiales 4
msp_0700,Megasphaera sp. ASD88 & An286 & AJH120
msp_0701,unclassified Pseudoflavonifractor
msp_0702,unclassified Barnesiellaceae
msp_0703,unclassified Clostridiales 1
msp_0704,unclassified Clostridiales 5
msp_0705,unclassified Lachnoclostridium
msp_0706,Dorea sp. Marseille-P4003
msp_0707,unclassified Clostridiales Family XIII. Incertae Sedis
msp_0708,Ruminococcus sp. CAG:563
msp_0709,Firmicutes bacterium CAG:341
msp_0710,[Bacteroides] sp. CAG:927
msp_0711c,Rikenella microfusus
msp_0712,Lactobacillus salivarius
msp_0713,[Clostridium] citroniae
msp_0714c,Selenomonas bovis
msp_0715c,Aggregatibacter segnis
msp_0716,unclassified Ruminococcaceae
msp_0717,unclassified Ruminococcus
msp_0718,unclassified Rhodospirillales
msp_0719,[Selenomonadales] bacterium CIM:MAG 469
msp_0720,[Clostridium] sp. CAG:1024
msp_0721,unclassified Bacteroides
msp_0722,Blautia obeum 2
msp_0723,unclassified Clostridiales 5
msp_0724,unclassified Sutterellaceae
msp_0725,Clostridiales bacterium CIM:MAG 491
msp_0726,Prevotella sp. CAG:755
msp_0727,unclassified Clostridiales 4
msp_0728,unclassified Clostridiales 1
msp_0729,[Ruminococcaceae] bacterium CIM:MAG 1170_1
msp_0730,unclassified Clostridiales 1
msp_0732,Clostridiales bacterium CIM:MAG 442
msp_0733,Roseburia sp. CAG:471
msp_0734,Firmicutes bacterium CAG:555
msp_0735,Monoglobus pectinilyticus
msp_0736c,Bacteroides sp. An322 & UBA1451
msp_0737,unclassified Clostridiales Family XIII. Incertae Sedis
msp_0738,Prevotella sp. UBA2874
msp_0739c,Prevotella timonensis
msp_0740,unclassified Lachnospiraceae
msp_0741,unclassified Sutterella
msp_0742,Streptococcus parasanguinis
msp_0743,unclassified Bacteroidales
msp_0744,Acidaminococcus sp. CAG:542
msp_0745,Lachnospiraceae bacterium UBA7096
msp_0746,unclassified Prevotella
msp_0747,unclassified Oscillospiraceae
msp_0748,[Firmicutes] bacterium CAG:460
msp_0749,unclassified Sutterella
msp_0750,unclassified Lachnoclostridium
msp_0751,unclassified Christensenellaceae-Catabacteriaceae
msp_0752,Ruminococcus sp. CAG:624 & UBA6407 & UBA4697
msp_0753,unclassified Muribaculaceae
msp_0754c,Citrobacter werkmanii == Citrobacter freundii
msp_0755c,unclassified Clostridiales 5
msp_0756,unclassified Blautia
msp_0757,[Clostridium] sp. 28_12 & CAG:356
msp_0758,unclassified Lachnospiraceae
msp_0759,unclassified Clostridiales 5
msp_0760,Clostridium sp. 29_15 & CAG:265
msp_0761,unclassified Clostridiales 5
msp_0762,Ruminococcaceae bacterium UBA1821 / [Clostridium] sp. CAG:678
msp_0763,Oscillibacter sp. ER4 / Firmicutes bacterium CAG:129_59_24
msp_0764,unclassified Alistipes
msp_0765,unclassified Prevotellaceae
msp_0766,unclassified Oscillibacter
msp_0767,unclassified Tyzzerella
msp_0768,unclassified Sutterellaceae
msp_0769,Agathobaculum butyriciproducens
msp_0770,unclassified Lachnoclostridium
msp_0771,Clostridiales bacterium UBA644
msp_0772,Clostridiales bacterium 1_7_47FAA  & VE202-28
msp_0773,unclassified Clostridiales Family XIII. Incertae Sedis
msp_0774,Prevotella sp. CAG:1058
msp_0775,unclassified Candidatus Gastranaerophilales
msp_0776,unclassified Clostridiales Family XIII. Incertae Sedis
msp_0777,Clostridiales bacterium RUG303 & RUG439 & RUG453 / Firmicutes bacterium CAG:129
msp_0778,unclassified Faecalibacterium
msp_0779,[Clostridium] sp. CAG:417
msp_0780,unclassified Lachnoclostridium
msp_0781,unclassified Christensenellaceae-Catabacteriaceae
msp_0782,Candidatus Gastranaerophilales bacterium MH_37 & HUM_20 / Melainabacteria sp. 35_41
msp_0783,unclassified Clostridiales 4
msp_0784,unclassified Ruminococcaceae
msp_0785,Collinsella tanakaei
msp_0786,unclassified Muribaculaceae
msp_0787,unclassified Clostridiales 1
msp_0788,unclassified Rhodospirillaceae
msp_0789,Prevotella sp. CAG:1185
msp_0790,unclassified Clostridiales 4
msp_0791,unclassified Oscillibacter
msp_0792,Clostridium perfringens
msp_0793,unclassified Clostridiales Family XIII. Incertae Sedis
msp_0794,Slackia isoflavoniconvertens
msp_0795,unclassified Rhodospirillaceae
msp_0796,unclassified Clostridiales 4
msp_0797,unclassified Ruminococcus
msp_0798,unclassified Clostridiales 1
msp_0799,unclassified Bacteroides
msp_0800,Eggerthella sp. 51_9 & CAG:209
msp_0801,Sutterella parvirubra
msp_0802,Bacteroidales bacterium H3
msp_0803,unclassified Clostridiales 4
msp_0804,unclassified Clostridiales 1
msp_0805,unclassified Roseburia
msp_0806,unclassified Clostridiales 1
msp_0807,unclassified Clostridiales 4
msp_0808,[Clostridium] sp. CAG:288
msp_0809,unclassified Clostridiales 4
msp_0810,unclassified Clostridiales 4
msp_0811,[Staphylococcus] sp. CAG:324
msp_0812,unclassified Lachnospiraceae
msp_0813,unclassified Muribaculaceae
msp_0814,Lachnoclostridium sp. An138
msp_0815,unclassified Alistipes
msp_0816c,unclassified Lachnospiraceae
msp_0817,unclassified Faecalibacterium
msp_0818,[Clostridium] sp. CAG:302
msp_0819,Candidatus Gastranaerophilales bacterium HUM_2 / Candidatus Melainabacteria bacterium MEL.A1
msp_0820,unclassified Lachnoclostridium
msp_0821,[Firmicutes] bacterium CAG:313
msp_0822,unclassified Oscillospiraceae
msp_0823,[Ruminococcus] sp. CAG:724
msp_0824,[Clostridium] sp. CAG:967
msp_0825,Firmicutes bacterium CAG:791
msp_0826,unclassified_Anaeroplasmataceae
msp_0827,unclassified Odoribacteraceae
msp_0828,Massiliomicrobiota sp. An80 & An105 & An134 & An142
msp_0829,Lachnoclostridium sp. UBA2905
msp_0830,unclassified Rhodospirillaceae
msp_0831,Faecalicoccus pleomorphus
msp_0832,Streptococcus pasteurianus
msp_0833,Streptococcus thermophilus
msp_0834,unclassified Dialister
msp_0835,Clostridiales bacterium 41_21_two_genomes
msp_0836,unclassified Muribaculaceae
msp_0837,unclassified_Erysipelotrichaceae
msp_0838,Candidatus Gastranaerophilales sp2
msp_0839,[Clostridium] sp. CAG:964
msp_0840,unclassified Atopobiaceae
msp_0841,unclassified Oscillibacter
msp_0842,unclassified Clostridiales 1
msp_0843,Weissella confusa
msp_0844c,Campylobacter concisus 2
msp_0845,[Clostridium] sp. CAG:440
msp_0846,unclassified Cloacibacillus
msp_0847,Flavobacteriales bacterium UBA1820
msp_0848,unclassified Lachnospiraceae
msp_0849,unclassified Alistipes
msp_0850,unclassified Clostridiales 5
msp_0851,unclassified Clostridiales Family XIII. Incertae Sedis
msp_0852,Absiella dolichum
msp_0853c,Granulicatella adiacens
msp_0854,[Clostridium] sp. CAG:349
msp_0855,unclassified Oscillospiraceae
msp_0856,[Clostridium] sp. 28_17 & CAG:470
msp_0857,unclassified Muribaculaceae
msp_0858,[Clostridium] sp. CAG:433
msp_0859,unclassified Christensenellaceae-Catabacteriaceae
msp_0860,unclassified Intestinibacter
msp_0861,unclassified Oscillibacter
msp_0862,unclassified Muribaculaceae
msp_0863,unclassified Lachnospiraceae
msp_0864,0
msp_0865,Enterobacter kobei
msp_0866c,Lactobacillus agilis
msp_0867,unclassified Clostridiales 5
msp_0868,Lachnospiraceae bacterium 2_1_46FAA
msp_0869,unclassified Acidaminococcaceae
msp_0870,unclassified Barnesiellaceae
msp_0871,unclassified Clostridiales 1
msp_0872,[Clostridium] sp. CAG:567
msp_0873,Olsenella sp. Marseille-P2300
msp_0874,unclassified Oscillibacter
msp_0875,unclassified Bacteroides
msp_0876,unclassified Oscillospiraceae
msp_0877,Massiliomicrobiota timonensis
msp_0878,Bifidobacterium gallinarum == saeculare 
msp_0879,unclassified Faecalibacterium
msp_0880,unclassified Muribaculaceae
msp_0881,Haemophilus parainfluenzae
msp_0882c,Candidatus Gastranaerophilus phascolarctosicola
msp_0883,[Clostridium] spiroforme
msp_0884,Veillonella atypica
msp_0885,unclassified Roseburia
msp_0886,[Firmicutes] bacterium CAG:449
msp_0887,unclassified Lachnospiraceae
msp_0888,unclassified Muribaculaceae
msp_0889,unclassified Phascolarctobacterium
msp_0890c,Leuconostoc mesenteroides
msp_0891,unclassified Ruminococcaceae
msp_0892,unclassified Lachnospiraceae
msp_0893,Faecalibacterium prausnitzii 2
msp_0894,unclassified Prevotella
msp_0895,Acetobacter sp. CAG:977
msp_0896,Candidatus Methanomassiliicoccus intestinalis
msp_0897,Candidatus Gastranaerophilales sp3
msp_0898,butyrate-producing bacterium SS3/4 - [Clostridium] sp. CAG:81
msp_0899,unclassified Clostridiales 4
msp_0900,unclassified Ruminococcaceae
msp_0901,unclassified Blautia
msp_0902,unclassified Oscillospiraceae
msp_0903,Oscillibacter sp. 57_20
msp_0904,Ruminococcaceae bacterium UBA5891
msp_0905c,Treponema succinifaciens
msp_0906,[Clostridium] sp. 2789STDY5834924
msp_0907,[Clostridium] sp. CAG:465
msp_0908,unclassified Christensenellaceae-Catabacteriaceae
msp_0909,[Clostridium] sp. CAG:768
msp_0910,Bifidobacterium catenulatum
msp_0911,unclassified Clostridiales 4
msp_0912,unclassified Clostridiales 5
msp_0913,unclassified Succinivibrionaceae
msp_0914,unclassified Ruminococcaceae
msp_0915c,unclassified Candidatus Gastranaerophilales
msp_0916,Bifidobacterium animalis
msp_0917,unclassified Clostridiales 5
msp_0918,unclassified Prevotella
msp_0919,unclassified Sutterella
msp_0920,unclassified Prevotellaceae
msp_0921,Ruminococcus sp. UBA1828
msp_0922,unclassified Ruminococcaceae
msp_0923,Veillonella seminalis
msp_0924,Methanobrevibacter smithii 2
msp_0925,Lactobacillus paragasseri
msp_0926,unclassified Dialister
msp_0927,unclassified_Erysipelatoclostridium
msp_0928,unclassified Clostridiales 1
msp_0929,unclassified Clostridiales 1
msp_0930,unclassified Lachnospiraceae
msp_0931,unclassified Clostridiales 5
msp_0932,unclassified Oscillospiraceae
msp_0933,unclassified Blautia
msp_0934,Bacteroides salanitronis
msp_0935,Peptostreptococcus anaerobius
msp_0936c,Helicobacter winghamensis
msp_0937,unclassified Sutterellaceae
msp_0938,[Firmicutes] bacterium CAG:536
msp_0939,unclassified Clostridiales 3
msp_0940,unclassified Eggerthella
msp_0941,unclassified Clostridiales 1
msp_0942,Coriobacteriia bacterium CIM:MAG 1296_1
msp_0943,unclassified Clostridiales 1
msp_0944,unclassified Clostridiales 1
msp_0945,unclassified Coprococcus
msp_0946,Collinsella intestinalis
msp_0947,[Clostridium] sp. 26_22
msp_0948,unclassified Prevotella
msp_0949,unclassified_Erysipelotrichaceae
msp_0950c,Sanguibacteroides justesenii == Gabonibacter massiliensis
msp_0951,unclassified Alistipes
msp_0952,Agathobaculum desmolans
msp_0953,unclassified Gemmiger
msp_0954,unclassified Sutterellaceae
msp_0955,[Firmicutes] bacterium CAG:345
msp_0956,Fusobacterium sp. clos_1_1
msp_0957,unclassified Ruminococcaceae
msp_0958,unclassified Flavonifractor
msp_0959,unclassified Ruminococcaceae
msp_0960,unclassified Clostridiales 1
msp_0961,unclassified Clostridiales 2
msp_0962,unclassified Anaerotruncus
msp_0963c,Campylobacter hominis
msp_0964,[Clostridium] sp. CAG:571
msp_0965,unclassified Oscillibacter
msp_0966,unclassified Clostridiales 4
msp_0967,unclassified Sutterella
msp_0968c,Veillonella magna
msp_0969,Olsenella provencensis
msp_0970,Collinsella bouchesdurhonensis
msp_0971,Bacteroides sartorii
msp_0972,unclassified Prevotellaceae
msp_0973,unclassified_Erysipelotrichaceae
msp_0974c,Gemella sanguinis
msp_0975,unclassified Clostridiales 1
msp_0976,unclassified Clostridiales 5
msp_0977,Flavonifractor sp. 2789STDY5834895 & sp. 2789STDY5834937 /  [Clostridium] sp. 2789STDY5608878
msp_0978,unclassified Negativicutes 2
msp_0979,unclassified Christensenellaceae-Catabacteriaceae
msp_0980,unclassified Prevotella
msp_0981,unclassified_Holdemanella
msp_0982,unclassified Clostridiales 1
msp_0983,Streptococcus lutetiensis
msp_0984,unclassified Sutterellaceae
msp_0985,[Mycoplasma] sp. CAG:472
msp_0986,Coprococcus catus
msp_0987,unclassified Bacteroidales
msp_0988,unclassified Oscillibacter
msp_0989,unclassified Coprococcus
msp_0990,unclassified Lentisphaeria
msp_0991,unclassified Bacteroidales
msp_0992,unclassified Methanomassiliicoccaceae
msp_0993,unclassified Clostridiales 2
msp_0994,Selenomonadaceae bacterium UBA2829
msp_0995,unclassified Oribacterium
msp_0996,unclassified Clostridiales 4
msp_0997,unclassified Prevotella
msp_0998,unclassified Candidatus Gastranaerophilales
msp_0999,Collinsella stercoris
msp_1000,unclassified Barnesiellaceae
msp_1001,unclassified Clostridiales 4
msp_1002,unclassified Ruminococcaceae
msp_1003,[Eubacterium] sp. CAG:841
msp_1004,unclassified Clostridiales 2
msp_1005,[Clostridium] sp. CAG:508
msp_1006,Lactobacillus fermentum
msp_1007,[Coprobacillus] sp. CAG:698
msp_1008,unclassified_ML615J-28_Tenericutes
msp_1009,Senegalimassilia anaerobia
msp_1010,unclassified Lachnospiraceae
msp_1011,[Clostridium] sp. CAG:557
msp_1012,Intestinimonas massiliensis
msp_1013,unclassified Ruminococcaceae
msp_1014,unclassified Prevotella
msp_1016,unclassified Oscillospiraceae
msp_1017,unclassified Agathobaculum
msp_1018,Candidatus Methanomethylophilus alvus / Methanoculleus sp. CAG:1088
msp_1019,Oxalobacter formigenes 1
msp_1020,unclassified Lachnospiraceae
msp_1021,Clostridia bacterium CIM:MAG 232
msp_1022,unclassified Clostridiales 3
msp_1023,unclassified Candidatus Gastranaerophilales
msp_1024,uncultured Selenomonadales bacterium RUG048
msp_1025,unclassified Lentisphaerae
msp_1026,unclassified Alistipes
msp_1027,unclassified_RF39_Mollicutes
msp_1028c,Prevotella intermedia
msp_1029,unclassified Clostridiales 5
msp_1030,unclassified Oscillospiraceae
msp_1031,unclassified Sutterella
msp_1032,unclassified Clostridiales 6
msp_1033,[Clostridium] sp. CAG:273
msp_1034,Anaeroglobus geminatus
msp_1035,Mobilibacterium timonense
msp_1036,unclassified Dialister
msp_1037,unclassified Clostridiales 2
msp_1038,Blautia sp. 2789STDY5608796 & sp. 2789STDY5608848
msp_1039,unclassified Ruminococcaceae
msp_1040c,Colibacter massiliensis
msp_1041,unclassified Blautia
msp_1042,unclassified_RF39_Mollicutes
msp_1043,[Mycoplasma] sp. CAG:611
msp_1044,unclassified Fusobacterium
msp_1045,Prevotella sp. CAG:1320
msp_1046,Clostridium tertium
msp_1047,unclassified_RF39_Mollicutes
msp_1048,unclassified Lachnoclostridium
msp_1049,[Clostridium] sp. CAG:451
msp_1050,unclassified Clostridiales 2
msp_1051,unclassified Gordonibacter
msp_1052,Bacteroidales bacterium 52_46
msp_1053,unclassified Clostridiales Family XIII. Incertae Sedis
msp_1054,[Clostridium] sp. CAG:780
msp_1055,unclassified Roseburia
msp_1056,unclassified Sutterella
msp_1057c,Peptoniphilus lacrimalis
msp_1058c,Proteus genomosp. 6
msp_1059c,Lactobacillus gallinarum
msp_1060c,unclassified Flavonifractor
msp_1061c,unclassified Clostridiales 3
msp_1062,unclassified Oscillibacter
msp_1063c,Peptostreptococcus sp. MV1
msp_1064,unclassified Veillonellaceae
msp_1065,unclassified Veillonellaceae
msp_1066,unclassified_RF39_Mollicutes
msp_1067,unclassified Clostridiales 1
msp_1068,[Clostridium] sp. CAG:524
msp_1069,unclassified Clostridiales 2
msp_1070,[Butyricicoccus] pullicaecorum
msp_1071,[Coprobacillus] sp. CAG:826
msp_1072,unclassified Christensenellaceae-Catabacteriaceae
msp_1073,unclassified Clostridiales 1
msp_1074,unclassified Clostridiales 1
msp_1075,unclassified Lentisphaerae
msp_1076,unclassified Bilophila
msp_1077,unclassified Lachnospiraceae
msp_1078,unclassified Clostridiales 6
msp_1079,unclassified Lentisphaeria
msp_1081,Fusobacterium gonidiaformans
msp_1082,unclassified Clostridiales 1
msp_1083,unclassified Alistipes
msp_1084,[Eubacterium] sp. ER2
msp_1085,unclassified Oscillibacter
msp_1086,unclassified Clostridiales 1
msp_1087,unclassified Mailhella
msp_1088,Sutterella sp. UBA1442
msp_1089,Lactobacillus casei == paracasei
msp_1090,unclassified Christensenellaceae-Catabacteriaceae
msp_1091,unclassified Evtepia
msp_1092,unclassified Sutterellaceae
msp_1093,[Clostridium] sp. 27_14
msp_1094,unclassified Christensenellaceae-Catabacteriaceae
msp_1095,unclassified Candidatus Gastranaerophilales
msp_1096,unclassified Oscillospiraceae
msp_1097,unclassified Clostridiales 1
msp_1098,unclassified Clostridiales 5
msp_1099c,Bifidobacterium thermacidophilum
msp_1100,unclassified Clostridiales 5
msp_1101,[Firmicutes] bacterium CAG:631
msp_1102,Firmicutes bacterium CAG:552
msp_1103,unclassified_RF39_Mollicutes
msp_1104,unclassified Candidatus Melainabacteria
msp_1105,unclassified Oscillospiraceae
msp_1106,unclassified Prevotella
msp_1107,[Bacteroides] sp. CAG:1060
msp_1108,unclassified Bacteroidales
msp_1109,unclassified Clostridiales 2
msp_1110,[Coprobacillus] sp. CAG:605
msp_1111,[Clostridium] sp. CAG:568
msp_1112,[Mycoplasma] sp. CAG:956
msp_1113c,[Firmicutes] bacterium CAG:822
msp_1114,Allisonella histaminiformans
msp_1115,unclassified Clostridiales 1
msp_1116,unclassified Sutterella
msp_1117,unclassified Clostridiales 3
msp_1118,unclassified Lachnospiraceae
msp_1120,unclassified Roseburia
msp_1121,unclassified Lachnospiraceae
msp_1122,[Firmicutes] bacterium CAG:582
msp_1123,unclassified Lachnospiraceae
msp_1124,unclassified Lachnospiraceae
msp_1125,Eggerthella sp. CAG:368
msp_1126,Prevotella corporis
msp_1127,Streptococcus anginosus
msp_1128,unclassified Agathobaculum
msp_1129,unclassified Clostridiales 2
msp_1130,unclassified Muribaculaceae
msp_1131,unclassified Eggerthella
msp_1132,unclassified Clostridiales 5
msp_1133,unclassified_RF39_Mollicutes
msp_1134,[Clostridium] sp. CAG:798
msp_1135,unclassified Clostridiales 2
msp_1136,unclassified Clostridiales 5
msp_1137,unclassified Blautia
msp_1138,[Clostridium] sp. CAG:628
msp_1139,[Clostridium] sp. CAG:389
msp_1140,unclassified Gordonibacter
msp_1141,[Mycoplasma] sp. CAG:877
msp_1142,unclassified Atopobiaceae
msp_1143,unclassified Oscillibacter
msp_1144c,Bacteroidales bacterium M7
msp_1145,unclassified Lachnospiraceae
msp_1146,unclassified Clostridiales 1
msp_1147,unclassified Clostridiales 1
msp_1148,unclassified Bacteroides
msp_1149,unclassified Lachnospiraceae
msp_1150,unclassified Ruminococcaceae
msp_1151,unclassified Succinivibrionaceae
msp_1152,unclassified Sutterellaceae
msp_1153,Dialister sp. UBA1703
msp_1154,uncultured bacterium RUG841
msp_1155,Bifidobacterium angulatum
msp_1156,Solobacterium moorei
msp_1157,unclassified_RF39_Mollicutes
msp_1158,Porphyromonas somerae
msp_1159,unclassified Collinsella
msp_1160,[Clostridiaceae] bacterium CIM:MAG 987 / [Clostridium] sp. CAG:533
msp_1161,unclassified Clostridiales 2
msp_1162,unclassified_RF39_Mollicutes
msp_1163,unclassified Ruminococcaceae
msp_1164,[Faecalibacterium] sp. CAG:1138
msp_1165,unclassified_ML615J-28_Tenericutes
msp_1166,unclassified Clostridiales 1
msp_1167,unclassified_Anaeroplasmataceae
msp_1168,Peptoniphilus harei
msp_1169c,Sphaerochaeta sp. Phil3
msp_1170,[Clostridium] sp. CAG:609
msp_1171,unclassified Ruminococcaceae
msp_1172,unclassified Christensenellaceae-Catabacteriaceae
msp_1173c,unclassified Oscillospiraceae
msp_1174,unclassified Prevotella
msp_1175,unclassified Clostridiales 2
msp_1176,unclassified Clostridiales 2
msp_1177,unclassified Ruminococcaceae
msp_1178,unclassified Muribaculaceae
msp_1179,unclassified Clostridiales 2
msp_1180,unclassified_RF39_Mollicutes
msp_1181,unclassified Clostridiales 2
msp_1182,Verrucomicrobia bacterium CIM:MAG 792_1
msp_1183,unclassified Lachnoclostridium
msp_1184,unclassified Clostridiales 2
msp_1185,unclassified Clostridiales 2
msp_1186,[Corallococcus] sp. CAG:1435
msp_1187,[Firmicutes] bacterium CIM:MAG 721 / [Bacillus] sp. CAG:988
msp_1188,Ruminococcaceae bacterium CIM:MAG 577
msp_1189,unclassified Clostridiales 2
msp_1190c,Streptococcus sp. UBA3373 & UBA632
msp_1191c,Atopobium parvulum
msp_1192,unclassified Clostridiales 1
msp_1193,Dialister pneumosintes
msp_1194,unclassified Lachnoclostridium
msp_1195,unclassified Negativicutes 2
msp_1196,Lactobacillus crispatus
msp_1197,unclassified_Anaeroplasmataceae
msp_1198,[Clostridium] sp. CAG:575
msp_1199,unclassified Clostridiales 5
msp_1200,unclassified Clostridiales 1
msp_1201,unclassified_RF39_Mollicutes
msp_1202,unclassified Blautia
msp_1203,unclassified Clostridiales 2
msp_1204,[Bacilli] bacterium Phil2
msp_1205,Comamonas kerstersii
msp_1206,unclassified Clostridiales 2
msp_1207,unclassified Bacteroides
msp_1208,unclassified Lactobacillus
msp_1209,unclassified Alistipes
msp_1210,unclassified Clostridiales 1
msp_1211,[Clostridium] sp. CAG:762
msp_1212,unclassified_RF39_Mollicutes
msp_1213,unclassified Clostridiales 5
msp_1214,[Firmicutes] bacterium CAG:884
msp_1215,unclassified Porphyromonas
msp_1216,unclassified Ruminococcaceae
msp_1217,Eggerthella sp. CAG:1427
msp_1218,unclassified Clostridiales 1
msp_1219,Veillonella rogosae
msp_1220,Lactobacillus√ävaginalis 2
msp_1221,[Mycoplasma] sp. CAG:776
msp_1222,Lactobacillus vaginalis
msp_1223c,Lactobacillus parabuchneri
msp_1225,unclassified_Anaeroplasmataceae
msp_1226,unclassified_RF39_Mollicutes
msp_1227c,Libanicoccus massiliensis
msp_1228,unclassified Clostridiales 1
msp_1229,Bacteroides ilei
msp_1230,unclassified_RF39_Mollicutes
msp_1231,unclassified_RF39_Mollicutes
msp_1232,unclassified_RF39_Mollicutes
msp_1233,unclassified_RF39_Mollicutes
msp_1234,Parvimonas micra
msp_1235,unclassified Clostridiales 2
msp_1236,unclassified Lachnoclostridium
msp_1237,Lactobacillus reuteri
msp_1238,unclassified Oscillibacter
msp_1239,unclassified Christensenellaceae-Catabacteriaceae
msp_1240,unclassified_Holdemanella
msp_1241,Alistipes sp. Zagget8
msp_1242,Muribaculaceae bacterium sp3
msp_1243,[Clostridium] sp. CAG:710
msp_1244,Collinsella aerofaciens
msp_1245,Parvimonas sp. KA00067
msp_1246,unclassified Clostridiales 1
msp_1247,unclassified_RF39_Mollicutes
msp_1248,unclassified Clostridiales 5
msp_1249,unclassified Prevotella
msp_1250,Drancourtella sp. An12 & An57
msp_1251,unclassified Oscillibacter
msp_1252,unclassified_RF39_Mollicutes
msp_1253,unclassified Clostridiales 2
msp_1254,unclassified Clostridiales 1
msp_1255,unclassified Faecalibacterium
msp_1256,unclassified Ruminococcaceae
msp_1257,[Clostridium] sp. CAG:921
msp_1258,unclassified_Anaeroplasmataceae
msp_1259c,Clostridiales bacterium S5-A14a
msp_1260,[Clostridium] sp. CAG:793
msp_1261,unclassified Clostridiales 2
msp_1262,unclassified Clostridiales 2
msp_1263c,Prevotella sp. UBA641
msp_1264c,Dielma fastidiosa
msp_1265,Lactobacillus johnsonii
msp_1266,[Acidiphilium] sp. CAG:727
msp_1267,unclassified Ruminococcaceae
msp_1268,Lactobacillus acidophilus
msp_1269,unclassified Clostridiales 2
msp_1270,unclassified Lachnospiraceae
msp_1271,unclassified Ruminococcus
msp_1272,unclassified Muribaculaceae
msp_1273,unclassified Bacteroidales
msp_1274,unclassified Clostridiales 1
msp_1275,[Clostridium] sp. CAG:594
msp_1276,Succinatimonas hippei
msp_1277,unclassified Acidaminococcus
msp_1278,unclassified Mediterranea
msp_1279,unclassified Ruminococcaceae
msp_1280,Elusimicrobia bacterium UBA1436
msp_1281,unclassified Elusimicrobia
msp_1282,unclassified Oscillibacter
msp_1283,unclassified Clostridiales 2
msp_1284,unclassified Bacteroides
msp_1285,unclassified_RF39_Mollicutes
msp_1286,[Acidaminococcus] sp. CAG:917
msp_1287,Lactobacillus delbrueckii
msp_1288,unclassified Clostridiales 2
msp_1290,unclassified_RF39_Mollicutes
msp_1291,unclassified Clostridiales Family XIII. Incertae Sedis
msp_1292,unclassified Clostridiales 3
msp_1293,Clostridiales bacterium UBA643
msp_1294,unclassified Veillonella
msp_1295,unclassified Clostridiales 1
msp_1296c,unclassified Ruminococcaceae
msp_1297,unclassified_RF39_Mollicutes
msp_1298,unclassified Clostridiales 5
msp_1299,Faecalitalea sp. Marseille-P3755
msp_1300c,Christensenella minuta
msp_1301,unclassified_RF39_Mollicutes
msp_1302,unclassified Clostridiales 5
msp_1303,unclassified_RF39_Mollicutes
msp_1304,unclassified_RF39_Mollicutes
msp_1305,unclassified Lachnoclostridium
msp_1306c,unclassified_RF39_Mollicutes
msp_1307,unclassified_RF39_Mollicutes
msp_1308,Turicibacter sanguinis 2
msp_1309,unclassified Christensenellaceae-Catabacteriaceae
msp_1310,unclassified Flavonifractor
msp_1311,Methanosphaera stadtmanae
msp_1312,unclassified Oscillibacter
msp_1313,[Acholeplasma] sp. CAG:878
msp_1314,unclassified Clostridiales 1
msp_1315,Clostridiales bacterium CIM:MAG 1396
msp_1316,unclassified Clostridiales 1
msp_1317,unclassified Opitutae
msp_1318,unclassified Methanomassiliicoccaceae
msp_1319,unclassified Christensenellaceae-Catabacteriaceae
msp_1320c,unclassified Christensenellaceae-Catabacteriaceae
msp_1321c,unclassified_Anaeroplasmataceae
msp_1322,[Clostridium] sp. CAG:1193
msp_1323,unclassified Flavonifractor
msp_1324,unclassified Clostridiales 2
msp_1325,Megasphaera micronuciformis
msp_1326,unclassified Mitsuokella
msp_1327,Peptostreptococcus stomatis
msp_1328,unclassified_RF39_Mollicutes
msp_1329,Veillonella tobetsuensis
msp_1330,unclassified_Anaeroplasmataceae
msp_1331,Hafnia paralvei
msp_1332,unclassified Christensenellaceae-Catabacteriaceae
msp_1333,[Clostridium] sp. CAG:1000
msp_1334,unclassified Clostridiales 1
msp_1335,Anaeromassilibacillus sp. An172
msp_1336,Anaerococcus obesiensis == vaginalis
msp_1337c,[Clostridium] sp. Marseille-P2538
msp_1338,unclassified Clostridiales 2
msp_1339,Gordonibacter urolithinfaciens
msp_1340,unclassified Butyricimonas
msp_1341,Streptococcus infantarius
msp_1342,unclassified Clostridiales 5
msp_1343,unclassified Clostridiales 2
msp_1344c,Bacteroides acidifaciens
msp_1345c,unclassified Negativicutes 2
msp_1346c,unclassified
msp_1347c,unclassified Christensenellaceae-Catabacteriaceae
msp_1348,unclassified Clostridiales 2
msp_1349,unclassified Ruminococcaceae
msp_1350,unclassified Prevotella
msp_1351,Clostridium celatum
msp_1352,Enterobacter cloacae
msp_1353,unclassified Clostridium
msp_1354,unclassified_RF39_Mollicutes
msp_1355,Ruminococcaceae bacterium UBA6353
msp_1356,Anaeromassilibacillus sp. An250
msp_1357,unclassified Clostridiales
msp_1358,unclassified Clostridiales
msp_1359,unclassified Clostridiales 2
msp_1360,unclassified Coprobacter
msp_1361,unclassified Porphyromonas
msp_1362,Holdemania massiliensis
msp_1363,unclassified Ruminococcaceae
msp_1364,unclassified Clostridiales 1
msp_1365,Megasphaera sp. UBA1696
msp_1366,unclassified_RF39_Mollicutes
msp_1367,unclassified_Anaeroplasmataceae
msp_1368,[Clostridium] sp. CAG:1219
msp_1369,unclassified_RF39_Mollicutes
msp_1370,unclassified_RF39_Mollicutes
msp_1371,unclassified Muribaculaceae
msp_1372,unclassified Clostridiales 2
msp_1373,unclassified Clostridiales 2
msp_1374,unclassified Clostridiales 2
msp_1375,unclassified Dialister
msp_1376,unclassified Clostridiales 2
msp_1377,Collinsella sp. UBA1690
msp_1378,unclassified Oscillibacter
msp_1379,unclassified Clostridiales 4
msp_1380,unclassified_RF39_Mollicutes
msp_1381,Agathobaculum sp. Marseille-P4005
msp_1382,Clostridiales bacterium CIM:MAG 1534
msp_1383c,unclassified Lachnoclostridium
msp_1384,unclassified Bacteroides
msp_1385,unclassified Blautia
msp_1386,unclassified Ruminococcaceae
msp_1387,unclassified Desulfovibrio
msp_1388,unclassified Coprococcus
msp_1389,unclassified_Anaeroplasmataceae
msp_1390,unclassified Candidatus Gastranaerophilales
msp_1391,unclassified Phascolarctobacterium
msp_1392,unclassified_RF39_Mollicutes
msp_1393,unclassified Clostridiales 2
msp_1394,unclassified Ruminococcaceae
msp_1395,unclassified Clostridiales 2
msp_1396c,unclassified Clostridiales 1
msp_1397c,Catabacter hongkongensis
msp_1398,unclassified_RF39_Mollicutes
msp_1399,unclassified Clostridiales 6
msp_1400,unclassified Catabacter
msp_1401c,unclassified Olsenella
msp_1402,unclassified Lachnospiraceae
msp_1403,Blautia sp. 2789STDY5834862
msp_1404,Prevotella bivia
msp_1405,unclassified Lachnospiraceae
msp_1406,unclassified Bacteroidales
msp_1407,unclassified Lachnospiraceae
msp_1408,unclassified Clostridiales 2
msp_1409,unclassified Odoribacteraceae
msp_1410,Lactococcus lactis subsp. cremoris
msp_1412,Prevotella disiens
msp_1413,unclassified Clostridiales 2
msp_1414,unclassified_RF39_Mollicutes
msp_1415,Firmicutes bacterium UBA1702
msp_1416,unclassified Clostridiales 1
msp_1417,unclassified_RF39_Mollicutes
msp_1418c,Streptococcus mitis
msp_1419,unclassified Sutterella
msp_1420,unclassified Clostridiales 2
msp_1421,unclassified_Holdemanella
msp_1422,unclassified Ruminococcaceae
msp_1423,unclassified Ruminococcaceae
msp_1424,unclassified_RF39_Mollicutes
msp_1425,unclassified_RF39_Mollicutes
msp_1426,unclassified_RF39_Mollicutes
msp_1427,unclassified_RF39_Mollicutes
msp_1428,unclassified Lachnospiraceae
msp_1429,unclassified Clostridiales 2
msp_1430,unclassified Clostridiales 2
msp_1431,unclassified Clostridiales 1
msp_1432,Citrobacter koseri
msp_1433,unclassified Ruminococcaceae
msp_1434,unclassified_RF39_Mollicutes
msp_1435,unclassified Clostridiales 2
msp_1436,unclassified Collinsella
msp_1437,unclassified Lachnoclostridium
msp_1438,unclassified Ruminococcaceae
msp_1439,unclassified Clostridiales 1
msp_1440,unclassified Opitutae
msp_1441c,Bacteroides faecichinchillae
msp_1442,unclassified Clostridiales 2
msp_1443,unclassified Ruminococcaceae
msp_1444,Ruminococcaceae bacterium D5
msp_1446,unclassified Clostridiales 2
msp_1447,unclassified Ruminococcaceae
msp_1448,unclassified Clostridiales 1
msp_1449,unclassified_RF39_Mollicutes
msp_1450,unclassified_RF39_Mollicutes
msp_1451,unclassified Lachnospiraceae
msp_1452,unclassified_RF39_Mollicutes
msp_1453,Streptococcus vestibularis
msp_1454,unclassified Clostridiales 2
msp_1455,unclassified_RF39_Mollicutes
msp_1456c,Porphyromonas endodontalis
msp_1457,Fenollaria massiliensis
msp_1458,[Christensenellaceae] bacterium Phil10
msp_1459,unclassified Clostridiales Family XIII. Incertae Sedis
msp_1460,Clostridia bacterium CIM:MAG 611
msp_1461,unclassified Ruminococcaceae
msp_1462,unclassified Clostridiales 5
msp_1463,unclassified Succinivibrionaceae
msp_1464,unclassified Bilophila
msp_1465,unclassified Clostridiales 4
msp_1466,unclassified Clostridiales 5
msp_1467,unclassified Methanomassiliicoccaceae
msp_1468,unclassified Clostridiales 5
msp_1469,unclassified Oscillibacter
msp_1471c,unclassified Christensenellaceae-Catabacteriaceae
msp_1472c,unclassified Paraeggerthella
msp_1473c,unclassified
msp_1474,unclassified Bacteroidales
msp_1475,Bacteroidales bacterium M1
msp_1476,Haemophilus pittmaniae
msp_1477,Streptococcus mutans
msp_1478,unclassified Lachnospiraceae
msp_1479,unclassified Clostridium
msp_1481,unclassified Clostridiales 1
msp_1482,unclassified Bacteroides
msp_1483,unclassified Clostridiales 4
msp_1484,unclassified Clostridiales 6
msp_1485,unclassified Christensenellaceae-Catabacteriaceae
msp_1486,unclassified Clostridiales 2
msp_1487,unclassified Clostridiales 2
msp_1488,unclassified Bacteroidales
msp_1489c,Enterococcus gallinarum
msp_1490,[Roseburia] sp. CAG:309
msp_1491,[Clostridium] sp. 2789STDY5834920
msp_1492,unclassified Lachnospiraceae
msp_1493,unclassified Bacteroides
msp_1494c,unclassified Clostridiales 1
msp_1495,unclassified Phascolarctobacterium
msp_1496,Ruminococcaceae bacterium UBA1375
msp_1497,unclassified_RF39_Mollicutes
msp_1498,unclassified_RF39_Mollicutes
msp_1499,unclassified Lachnospiraceae
msp_1500,unclassified Clostridiales 1
msp_1501,unclassified Lachnospiraceae
msp_1502,unclassified Clostridiales 1
msp_1503c,unclassified Clostridiales 4
msp_1504,unclassified_RF39_Mollicutes
msp_1505,unclassified Clostridiales 4
msp_1506,unclassified Clostridiales 1
msp_1507,unclassified Clostridiales 3
msp_1508,unclassified Ruminococcaceae
msp_1509,unclassified Clostridiales 4
msp_1510c,unclassified
msp_1511c,Enterobacter asburiae
msp_1512,unclassified_ML615J-28_Tenericutes
msp_1513,Rubneribacter badeniensis
msp_1514,unclassified Clostridiales 2
msp_1515,unclassified Lachnoclostridium
msp_1516,unclassified Clostridiales 2
msp_1517,unclassified_RF39_Mollicutes
msp_1518,unclassified_RF39_Mollicutes
msp_1519,unclassified Flavonifractor
msp_1520,unclassified Gemmiger
msp_1521,unclassified Clostridiales 2
msp_1522,unclassified Alistipes
msp_1523,Desulfovibrio sp. Dsv1
msp_1524,unclassified Christensenellaceae-Catabacteriaceae
msp_1525,[Clostridium] hylemonae
msp_1526,unclassified Succinatimonas
msp_1527,unclassified Lachnospiraceae
msp_1528,Olsenella sp. An188
msp_1529,unclassified Lachnoclostridium
msp_1530c,unclassified
msp_1531c,Olsenella sp. GAM18
msp_1532,unclassified Clostridiales 1
msp_1533,unclassified Lachnospiraceae
msp_1535,unclassified Clostridiales 2
msp_1536,unclassified_RF39_Mollicutes
msp_1538,Clostridiales bacterium CIM:MAG 912
msp_1539,unclassified Christensenellaceae-Catabacteriaceae
msp_1540,unclassified_RF39_Mollicutes
msp_1541,unclassified Lachnospiraceae
msp_1542,unclassified Clostridiales 1
msp_1543,Streptococcus oralis
msp_1545,unclassified Clostridiales 5
msp_1546,Muribaculaceae bacterium sp4
msp_1547c,Lactobacillus farciminis
msp_1548,unclassified Fournierella
msp_1549,unclassified Oscillibacter
msp_1550,unclassified Clostridiales 5
msp_1551,unclassified Clostridiales 5
msp_1552,Lachnospiraceae bacterium UBA2886 & RUG297
msp_1553,unclassified Blautia
msp_1554c,Kluyvera georgiana
msp_1555c,unclassified_RF39_Mollicutes
msp_1556,Holdemania filiformis
msp_1557,unclassified Eggerthellaceae
msp_1558,unclassified Clostridiales Family XIII. Incertae Sedis
msp_1559c,Porphyromonas sp. HMSC065F10
msp_1560,unclassified Muribaculaceae
msp_1561,unclassified Clostridiales 1
msp_1562,unclassified Lachnoclostridium
msp_1564,unclassified Christensenellaceae-Catabacteriaceae
msp_1565,unclassified_RF39_Mollicutes
msp_1566,unclassified Clostridiales 2
msp_1567,Clostridium disporicum
msp_1568,unclassified Prevotella
msp_1570,Porphyromonas asaccharolytica
msp_1571c,[Bacteroides] coagulans
msp_1572,unclassified Clostridiales Family XIII. Incertae Sedis
msp_1573,unclassified Clostridiales 2
msp_1574,unclassified Clostridiales 1
msp_1575,unclassified Ruminococcus
msp_1576,unclassified Eggerthellaceae
msp_1577,unclassified Clostridiales 5
msp_1578c,Bacteroides oleiciplenus
msp_1579c,unclassified Ruminococcaceae
msp_1580c,Peptococcaceae bacterium UBA3330
msp_1581,unclassified Flavonifractor
msp_1582,unclassified Butyricimonas
msp_1583,unclassified_RF39_Mollicutes
msp_1584,Pseudoflavonifractor capillosus
msp_1586,unclassified Lachnospiraceae
msp_1587,unclassified Lachnospiraceae
msp_1588,unclassified Oscillibacter
msp_1589,unclassified
msp_1590c,Holdemania sp. Marseille-P2844
msp_1591,unclassified Clostridiales 1
msp_1592,unclassified Clostridiales 1
msp_1594,unclassified_RF39_Mollicutes
msp_1595,unclassified Clostridiales 2
msp_1596,unclassified Libanicoccus
msp_1597,unclassified_RF39_Mollicutes
msp_1598,unclassified Clostridiales 1
msp_1599,Streptococcus sp. I-P16
msp_1600,unclassified Porphyromonas
msp_1601,unclassified Clostridium
msp_1603c,Atopobium parvulum 2
msp_1604,unclassified Lachnospiraceae
msp_1605,unclassified Clostridiales
msp_1606c,Olsenella sp. KH3B4
msp_1607c,unclassified Olsenella
msp_1608c,[Clostridium] sp. 2789STDY5608831
msp_1609c,unclassified Clostridiales 5
msp_1610,unclassified
msp_1611,unclassified Clostridiales
msp_1612,unclassified Clostridiales 2
msp_1613,unclassified Selenomonadaceae
msp_1614,unclassified Roseburia
msp_1616,unclassified Clostridiales 1
msp_1617,unclassified Lachnospiraceae
msp_1618,Alistipes sp. An54 & An116
msp_1621,unclassified Clostridiales 2
msp_1622,[Clostridium] sp. 2789STDY5608793
msp_1623,unclassified
msp_1624,unclassified Blautia
msp_1625,unclassified_ML615J-28_Tenericutes
msp_1626,unclassified Oscillospiraceae
msp_1627,unclassified Gordonibacter
msp_1628,Lachnoclostridium sp. An118
msp_1629,unclassified Clostridiales 3
msp_1631,Oxalobacter formigenes 2
msp_1632,unclassified Bacteroidales
msp_1633,unclassified Clostridiales 1
msp_1634,Slackia piriformis
msp_1635,unclassified
msp_1636,unclassified Prevotella
msp_1637,unclassified Ruminococcaceae
msp_1638,unclassified Oscillospiraceae
msp_1639,Desulfovibrio sp. An276
msp_1640,unclassified Bacteroidales [Alistipes] sp. CAG:831
msp_1641,unclassified Lachnospiraceae
msp_1643c,[Ruminococcus] sp. JC304
msp_1644,unclassified Ruminococcaceae
msp_1646,unclassified Alphaproteobacteria
msp_1647,unclassified_Erysipelatoclostridium
msp_1648,Peptoniphilus senegalensis
msp_1649,Clostridiales bacterium UBA1390
msp_1650,unclassified
msp_1652,unclassified Intestinimonas
msp_1653,unclassified
msp_1654,unclassified Christensenellaceae-Catabacteriaceae
msp_1655c,Desulfovibrio desulfuricans
msp_1656,unclassified Lachnospiraceae
msp_1657,unclassified Clostridiales 2
msp_1658,unclassified
msp_1659c,unclassified Lachnospiraceae
msp_1660,unclassified
msp_1661,unclassified_Acholeplasmatales
msp_1662,unclassified Lachnospiraceae
msp_1663,unclassified Clostridiales 1
msp_1664,unclassified Ruminococcaceae
msp_1665,unclassified Oscillospiraceae
msp_1666,[Mollicutes] bacterium Phil14
msp_1667,unclassified Christensenellaceae-Catabacteriaceae
msp_1668,unclassified Ruminococcaceae
msp_1669,unclassified Clostridiales 5
msp_1670,unclassified_Anaeroplasmataceae
msp_1671c,Neglecta timonensis
msp_1672,unclassified Ruminococcaceae
msp_1673,unclassified Lachnoclostridium
msp_1674,unclassified Clostridiales 5
msp_1675,unclassified Clostridiales 2
msp_1676,unclassified Clostridiales 1
msp_1677,unclassified Clostridium
msp_1678,unclassified
msp_1679,unclassified Niameybacter
msp_1680,unclassified Clostridiales
msp_1682c,Clostridioides difficile
msp_1683,unclassified_Anaeroplasmataceae
msp_1684,Faecalicatena contorta
msp_1686,Clostridiales bacterium UBA4698
msp_1687,unclassified
msp_1688,unclassified Lachnospiraceae
msp_1689,unclassified Clostridiales Family XIII. Incertae Sedis
msp_1690,unclassified Opitutae
msp_1691,unclassified Phascolarctobacterium
msp_1692,unclassified Muribaculaceae
msp_1693,unclassified Negativicutes 2
msp_1695,unclassified Clostridiales 2
msp_1696c,Desulfovibrio desulfuricans 2
msp_1697,Enterococcus avium
msp_1698,Lachnoclostridium sp. An14
msp_1699,unclassified Clostridiales 5
msp_1700,unclassified_Erysipelatoclostridium
msp_1701c,Olsenella mediterranea
msp_1702,Streptococcus australis
msp_1703,unclassified Lawsonibacter
msp_1704c,Enterococcus asini
msp_1705,unclassified Ruminococcaceae
msp_1706,unclassified Sutterella
msp_1707,unclassified Clostridiales 1
msp_1708,unclassified Lachnospiraceae
msp_1709,unclassified Clostridiales 1
msp_1710,unclassified Clostridiales 1
msp_1711,unclassified Roseburia
msp_1712,unclassified Clostridiales 3
msp_1713,unclassified Lachnospiraceae
msp_1714,Cloacibacillus evryensis
msp_1715,unclassified Gemmiger
msp_1716,unclassified Roseburia
msp_1717,unclassified Clostridiales 2
msp_1718,unclassified Blautia
msp_1719,unclassified Candidatus Gastranaerophilales
msp_1720,unclassified Blautia
msp_1721,unclassified Ruminococcaceae
msp_1723,unclassified Clostridiales
msp_1724,Phocea massiliensis
msp_1725,unclassified Blautia
msp_1726,unclassified Clostridiales 2
msp_1727,unclassified Alistipes
msp_1728,unclassified Sutterellaceae
msp_1729,unclassified Flavonifractor
msp_1731,unclassified
msp_1732,unclassified Prevotella
msp_1733,unclassified_RF39_Mollicutes
msp_1735,unclassified Clostridiales 1
msp_1737,Bacteroides stercorirosoris
msp_1738,unclassified
msp_1739,unclassified Clostridiales 2
msp_1740,unclassified Lachnospiraceae
msp_1741,unclassified_RF39_Mollicutes
msp_1742,unclassified_RF39_Mollicutes
msp_1743,unclassified Christensenellaceae-Catabacteriaceae
msp_1744,unclassified
msp_1745,Candidatus Melainabacteria bacterium js4906-23-3_S14_33_15
msp_1746,unclassified
msp_1747,Faecalicatena fissicatena
msp_1748,Streptococcus gordonii
msp_1749,unclassified Clostridiales 1
msp_1750,unclassified
msp_1751,unclassified Bacteroides
msp_1754,Raoultella ornithinolytica
msp_1755,unclassified
msp_1757,unclassified Clostridiales 4
msp_1759,unclassified Bacteroidales
msp_1760,unclassified Clostridiales 1
msp_1763,unclassified Clostridiales 5
msp_1766,Enterobacter ludwigii
msp_1767,unclassified
msp_1768,unclassified
msp_1769,unclassified
msp_1770,unclassified Achromobacter
msp_1771,unclassified
msp_1772c,Clostridium neonatale
msp_1773,Lactobacillus oris
msp_1774,unclassified Clostridiales 1
msp_1775,unclassified Clostridiales 3
msp_1776c,Anaerofilum sp. An201
msp_1777,unclassified Lachnospiraceae
msp_1778,unclassified Clostridium
msp_1779c,Blastocystis sp. subtype 9
msp_1780c,[Clostridium] jeddahense
msp_1782,Prevotella melaninogenica
msp_1783,Fusobacterium periodonticum
msp_1784,Prevotella jejuni
msp_1785,Haemophilus quentini
msp_1786,unclassified Leptotrichia
msp_1787,Prevotella salivae
msp_1788,Lachnoanaerobaculum saburreum 2
msp_1789,Alloprevotella tannerae
msp_1790,Fusobacterium nucleatum subsp. polymorphum
msp_1793,Prevotella denticola
msp_1794,Haemophilus paraphrohaemolyticus
msp_1799,unclassified Veillonella
msp_1801,Haemophilus parahaemolyticus
msp_1802,Haemophilus sputorum
msp_1805,Lactobacillus gasseri
msp_1808,Prevotella veroralis
msp_1810,Streptococcus salivarius 2
msp_1814,unclassified Parabacteroides
msp_1815,Enterobacter mori
msp_1816,Citrobacter braakii
msp_1817,unclassified Clostridiales 3
msp_1818,unclassified Saccharopolyspora
msp_1819,unclassified Lachnospiraceae
msp_1820,Clostridium sp. CL-2
msp_1821,unclassified Bacteroides
msp_1822,unclassified Selenomonas
msp_1823,unclassified Sutterella
msp_1824,unclassified Prevotella
msp_1826,unclassified Barnesiellaceae
msp_1827,unclassified Bacteroidales
msp_1828,unclassified Prevotellaceae
msp_1829,Opitutae bacterium UBA4654
msp_1830,unclassified Muribaculaceae
msp_1831,unclassified Lachnospiraceae
msp_1833,unclassified Ruminococcus
msp_1834,unclassified Prevotellaceae
msp_1835,unclassified Candidatus Gastranaerophilales
msp_1836,unclassified Muribaculaceae
msp_1837,unclassified Alistipes
msp_1838,unclassified Fusobacterium
msp_1839,unclassified Muribaculaceae
msp_1840,unclassified Clostridiales Family XIII. Incertae Sedis
msp_1841,unclassified Alistipes
msp_1842,unclassified Bacteroides
msp_1843,unclassified Bacteroides
msp_1844,unclassified Phascolarctobacterium
msp_1845,unclassified Ruminococcaceae
msp_1846,unclassified Faecalibacterium
msp_1847,unclassified Clostridiales 1
msp_1848,unclassified Desulfovibrio
msp_1849,Candidatus Melainabacteria bacterium js4906-25-3_S22_33_82
msp_1850,unclassified Ruminococcaceae
msp_1851,unclassified Blautia
msp_1852,unclassified_RF39_Mollicutes
msp_1853,unclassified Elusimicrobia
msp_1854,unclassified Ruminococcaceae
msp_1855,unclassified Clostridiales 2
msp_1856,unclassified_Anaeroplasmataceae
msp_1857,unclassified_Erysipelotrichaceae
msp_1858,unclassified Clostridiales 2
msp_1859,unclassified Alistipes
msp_1860,unclassified_RF39_Mollicutes
msp_1861,unclassified Fusobacterium
msp_1862,unclassified
msp_1863,[Escherichia coli] CIM:MAG 560
msp_1864,unclassified Lachnospiraceae
msp_1865,unclassified Lachnospiraceae
msp_1866,unclassified Clostridium
msp_1867,unclassified_Anaeroplasmataceae
msp_1868,unclassified_RF39_Mollicutes
msp_1869,unclassified_Holdemanella
msp_1870,unclassified Odoribacteraceae
msp_1871,unclassified Clostridiales 3
msp_1873,unclassified Clostridiales 2
msp_1874,unclassified Lachnospiraceae
msp_1875,unclassified Christensenellaceae-Catabacteriaceae
msp_1876,unclassified Betaproteobacteria
msp_1877,unclassified Clostridiales 5
msp_1878,unclassified Barnesiellaceae
msp_1879,unclassified Bacteroides
msp_1880,unclassified Phascolarctobacterium
msp_1881,unclassified
msp_1882,unclassified Megamonas
msp_1883,Aeromonas caviae
msp_1884,unclassified
msp_1885,unclassified Prevotella
msp_1886,Atopobiaceae sp1
msp_1887,unclassified Sutterella
msp_1888,unclassified Candidatus Gastranaerophilales
msp_1889,unclassified
msp_1890,unclassified_Anaeroplasmataceae
msp_1891,unclassified Blautia
msp_1892,unclassified
msp_1893,unclassified Clostridiales
msp_1894,unclassified Clostridiales
msp_1895,unclassified Muribaculaceae
msp_1896,unclassified
msp_1897,unclassified Clostridiales 2
msp_1898,unclassified
msp_1899,unclassified Clostridiales 3
msp_1900,unclassified_Anaeroplasmataceae
msp_1901,Eggerthella sinensis
msp_1902,unclassified Negativibacillus
msp_1903,unclassified Clostridiales 1
msp_1904,unclassified Bacteroides
msp_1905,unclassified Clostridiales 4
msp_1906,unclassified Anaerostipes
msp_1907,unclassified Bacteroides
msp_1908,unclassified Clostridioides
msp_1910,unclassified
msp_1911,unclassified
msp_1912,unclassified Roseburia
msp_1913,unclassified Sutterella
msp_1914,unclassified
msp_1915,unclassified_RF39_Mollicutes
msp_1916,unclassified
msp_1917,unclassified Oscillospiraceae
msp_1919,unclassified Peptoniphilaceae
msp_1920,unclassified
msp_1921,unclassified_RF39_Mollicutes
msp_1922,unclassified
msp_1923,Firmicutes bacterium CIM:MAG 1237
msp_1924,unclassified Clostridiales 1
msp_1925,unclassified
msp_1926,unclassified_ML615J-28_Tenericutes
msp_1927,unclassified
msp_1928,unclassified Lachnospiraceae
msp_1929,unclassified_ML615J-28_Tenericutes
msp_1930,unclassified Lachnospiraceae
msp_1931,unclassified Clostridiales 2
msp_1932,unclassified
msp_1933,unclassified
msp_1934,unclassified
msp_1935,unclassified
msp_1936,unclassified
msp_1938,unclassified Clostridiales
msp_1939,unclassified Lachnospiraceae
msp_1940,unclassified
msp_1941,unclassified
msp_1942,[Clostridium] hiranonis
msp_1943,unclassified_Erysipelotrichaceae
msp_1944,unclassified
msp_1945,unclassified
msp_1946,unclassified Clostridiales Family XIII. Incertae Sedis
msp_1947,unclassified Lactobacillus
msp_1948,Faecalicatena orotica
msp_1949,unclassified Lachnoclostridium
msp_1956,unclassified
msp_1958,unclassified Sutterellaceae
msp_1962,unclassified Sutterellaceae
msp_1964,Lawsonibacter asaccharolyticus
msp_1967,unclassified Clostridiales 2
msp_1968,unclassified Clostridiales 2
msp_1970,unclassified
msp_1971,unclassified
msp_1975,unclassified Flavonifractor
msp_1976,unclassified Lachnospiraceae
msp_1977,unclassified Clostridiales
msp_1978,unclassified Bacteroidales
msp_1979,Lachnospiraceae bacterium UBA3273
msp_1980,unclassified Proteobacteria
msp_1981,Prevotella sp. UBA7263 & UBA7283 & RUG423 & RUG136 & RUG144
msp_1982,unclassified Bacteroides
msp_1983,unclassified Prevotella
msp_1984,unclassified Muribaculaceae
msp_1985,unclassified Ruminococcus
msp_1986,unclassified Akkermansiaceae
msp_1987,unclassified Muribaculaceae
msp_1988,unclassified Muribaculaceae
msp_1989,unclassified Bacteroidales
msp_1990,unclassified Tissierellia 2
msp_1991,unclassified Lachnospiraceae
msp_1992,unclassified Bacteroides
msp_1993,unclassified Clostridiales 5
msp_1994,unclassified Prevotella
msp_1995,unclassified_RF39_Mollicutes
msp_1996,unclassified Candidatus Gastranaerophilales
msp_1997,unclassified Ruminococcaceae
msp_1998,unclassified Clostridiales 1
msp_1999,unclassified_ML615J-28_Tenericutes
msp_2000,unclassified Phascolarctobacterium
msp_2001,unclassified Clostridiales 2
msp_2002,unclassified_ML615J-28_Tenericutes
msp_2003,unclassified Candidatus Gastranaerophilales
msp_2004,unclassified Elusimicrobia
msp_2005,Lachnospiraceae bacterium UBA4631
msp_2006,unclassified Ruminococcus
msp_2007,unclassified Ruminococcaceae
msp_2009,unclassified Ruminococcaceae
msp_2010,unclassified_Anaeroplasmataceae
msp_2011,unclassified Bacteroidales
msp_2012,unclassified_Acholeplasmatales
msp_2013,unclassified Candidatus Gastranaerophilales
msp_2014,unclassified Ruminococcaceae
msp_2015,unclassified Phascolarctobacterium
msp_2019,unclassified_RF39_Mollicutes
msp_2020,unclassified Clostridiales 2
msp_2023,unclassified_RF39_Mollicutes
msp_2025,unclassified Clostridiales 2
msp_2028,Ruminococcaceae bacterium UBA1691
msp_2029,unclassified Clostridiales 5
msp_2032,unclassified Clostridiales 2
msp_2033,unclassified Rhodospirillales
msp_2036,unclassified Rhodospirillales
msp_2039,unclassified Clostridiales 2
msp_2042,unclassified Prevotellaceae
msp_2046,unclassified Clostridiales 1
msp_2048,unclassified_RF39_Mollicutes
msp_2050,unclassified Clostridiales Family XIII. Incertae Sedis
msp_2053,unclassified Lentisphaeria
msp_2054,unclassified Ruminococcaceae
msp_2056,unclassified
msp_2058,unclassified Muribaculaceae
msp_2060,unclassified Veillonellaceae
msp_2062,unclassified
msp_2063,unclassified Clostridiales 2
msp_2066,unclassified Megasphaera
msp_2068,unclassified Lachnoclostridium
msp_2070,unclassified Oscillospiraceae
msp_2074,unclassified Clostridiales 1
msp_2076,unclassified Clostridiales 2
msp_2078,unclassified
msp_2088,unclassified Lachnospiraceae
msp_2090,unclassified Prevotella
msp_2101,unclassified Mailhella
msp_2107,unclassified_RF39_Mollicutes
msp_2110,unclassified Bacteroidales
msp_2111,unclassified
msp_2127,unclassified Sutterella
msp_2130,unclassified Clostridiales 2
msp_2133,unclassified
msp_2134,unclassified Alistipes
msp_2140,Ruminococcus sp. UBA7158 & UBA7191 & UBA7198 & UBA3270
msp_2141,unclassified Olsenella
msp_2142,unclassified Flavonifractor
msp_2151,unclassified
msp_2152,unclassified_RF39_Mollicutes
msp_2155,unclassified Clostridiales 1
msp_2159,unclassified Desulfovibrio
msp_2161,unclassified
msp_2165,unclassified Lachnospiraceae
msp_2168,unclassified Roseburia
msp_2169,unclassified_RF39_Mollicutes
msp_2176,unclassified Clostridiales 3
msp_2178,unclassified
msp_2180,unclassified
msp_2191,unclassified
msp_2195,unclassified Rhodospirillaceae
msp_2196,unclassified Ruminococcaceae
msp_2207,unclassified Clostridiales
msp_2209,unclassified Succinatimonas
msp_2210,unclassified Bacteroides
msp_2211,unclassified Ruminococcus
